م,اسم الإدارة,اسم المحطة,مجري المصرف,كم,مجري الترعة,كم.1,الحالة تعمل /معطلة,عدد الوحدات بالمحطة,تصرف الوحدة م3/ث,عدد الوحدات العاملة,عدد ساعات التشغيل اليومي,عدد ايام التشغيل في الاسبوع,تصرف المحطة    م3/اسبوع,اجمالي االتصرف الشهري,ملاحظات,Unnamed: 16,Unnamed: 17
1,الإدارة العامة لري دمياط,الوسطانى,نمرة 1 لأسفل,15,الوسطانى,نهاية الترعة,0.6,,1,1,10.5,73.5,158760.0,680400.0,,,
2,الإدارة العامة لري دمياط,رأس الخليج,نمرة 1 لأسفل,25,رأس الخليج,نهاية الترعة,0.6,,1,1,2,14,30240.0,129600.0,,,
3,الإدارة العامة لري دمياط,البنك,نمرة 1 لأسفل,18,البنك,نهاية الترعة,0.55,,0.5,1,2.5,17.5,17325.0,74250.0,,,
4,الإدارة العامة لري دمياط,الأجزاء,السرو الأسفل,6,الأجزاء,نهاية الترعة,0.6,,0.5,1,3,21,22680.0,97200.0,,,
5,الإدارة العامة لري دمياط,السبعمائة,السرو الأسفل,8.5,السبعمائة,نهاية الترعة,0.65,,0.5,1,4.5,31.5,36855.0,157950.0,,,
6,الإدارة العامة لري دمياط,الكاشف,بحر الغيط,2.2,الكاشف,نهاية الترعة,0.6,,0.5,1,2,14,15120.0,64800.0,,,
7,الإدارة العامة لري دمياط,الحصار,مصرف العطوى,11,الحصار,نهاية الترعة,0.55,,0.5,1,0.5,3.5,3465.0,14850.0,,,
8,الإدارة العامة لري دمياط,الغوابين,مصرف العطوى,5,الغوابين,نهاية الترعة,0.6,,0.5,1,5,35,37800.0,162000.0,,,
9,الإدارة العامة لري دمياط,البطرساية,مصرف الهرنة,7.5,البطرساية,نهاية الترعة,0.4,,0.5,1,0,0,0.0,0.0,,,
10,الإدارة العامة لري دمياط,كرم,مصرف الهرنة,5,كرم,كيلو 2500,0.55,,0.5,1,2.5,17.5,17325.0,74250.0,,,
11,الإدارة العامة لري دمياط,ميت الخولى,السيالة القديم,2.95,ميت الخولى,نهاية الترعة,0.65,,1,1,3,21,49140.0,210600.0,,,
12,الإدارة العامة لري دمياط,الشوكة,مصرف الهرنه,1,الشوكة,نهاية الترعة,0.7,,0.5,1,1.5,10.5,13230.0,56700.0,,,
13,الإدارة العامة لري دمياط,البنك الجديدة,نمرة 1 لأسفل,4.5,البنك,نهاية الترعة,0.8,,1,1,4.5,31.5,90720.0,388800.0,,,
14,الإدارة العامة لري دمياط,الشرقية,كفر البطيخ,10,البلامون,نهاية الترعة,0.8,,0.5,1,1,7,10080.0,43200.0,,,
15,الإدارة العامة لري دمياط,الحدود,السياله العمومى,6,الحدود,كيلو3,0.8,,0.5,1,0,0,0.0,0.0,,,
16,الإدارة العامة لري السلام غرب,محطة  فارسكور الجديدة,مصرف العطوى,,ترعة السلام,,0.7,,5,4,24,,3655000.0,14620000.0,,,
17,الإدارة العامة لري السلام غرب,محطة السرو الأسفل القديمة,مصرف السرو الأسفل,,ترعة السلام,,0.7,,8,4,24,,10002500.0,40010000.0,,,
18,الإدارة العامة لري السلام غرب,محطة  السرو الأسفل الجديدة,مصرف السرو الأسفل,,ترعة السلام,,0.7,,9,7,72,,0.0,,,,
19,الإدارة العامة لري السلام غرب,محطة خلط السلام رقم (3),مصرف العطوى,,ترعة السلام,,0.7,,16.5,9,48,,16515000.0,66060000.0,,,
20,الإدارة العامة لرى زفتى,كفر الديب,القرنيين,ك 5.180بر ايسر على الرياح العباسى,الرياح العباسى,,2,,3.5,2,12,,1620000.0,6480000.0,,,
21,الإدارة العامــــة لــرى الغربيــــــة ,محطة خلط السلامونية (1),مصرف جناج,ك 1.400,ترعة السلامونية,ك 16.00,تعمل,1,0.5 م3 / ث,1,6.5 ساعات,7 ايام,81900.0,327600.0,هندسة بسيون,,
22,الإدارة العامــــة لــرى الغربيــــــة ,محطة خلط السلامونية (2),قونه ك 1.600,ك 1.600,ترعة السلامونية,ك 17.39,تعمل,1,1 م3 / ث,1,7 ساعات,7 ايام,176400.0,705600.0,,,
23,الإدارة العامــــة لــرى الغربيــــــة ,محطة خلط طنبارة الغربية ,جنابية مصرف الغربية الرئيسي,ك 2.00,طنبارة الغربية,ك 11.00,تعمل,1,0.5 م3 / ث,1,11 ساعة,6 ايام,118800.0,475200.0,هندسة رى بشبيش,,
24,الإدارة العامــــة لــرى الغربيــــــة ,محطة خلط طنبارة الشرقية ,جنابية مصرف الغربية الرئيسي,ك 1.500,طنبارة الشرقية,ك 11.00,تعمل,1,1 م3 / ث,1,14 ساعة,5 ايام,216000.0,864000.0,,,
25,الإدارة العامــــة لــرى الغربيــــــة ,محطة خلط دمشق ,جنابية مصرف الغربية الرئيسي,ك 4.00,دمقش,ك 4.00,تعمل,1,00.14 م3 / ث,1,5 ساعات,4 ايام,10000.0,40000.0,,,
26,الإدارة العامــــة لــرى الغربيــــــة ,محطة خلط القهوجى ,مصرف متبول,ك 6.500,القهوجي,ك 11.00,تعمل,1,1 م3 / ث,1,3.5 ساعة,4 ايام,50400.0,201600.0,هندسة رى قطور,,
27,الإدارة العامــــة لــرى الغربيــــــة ,محطة خلط الجمايل البحرية,مصرف العتوه,ك 12.500,ترعة الجمايل,نهاية ترعة الجمايل,تعمل,1,1 م3 / ث,1,4.5 ساعة,3 ايام,48600.0,194400.0,,,
28,الإدارة العامــــة لــرى الغربيــــــة ,محطة خلط متبول,مصرف متبول,ك 6.00,ترعة متبول,نهاية ترعة متبول,تعمل,2,0.5 م3 / ث,2,11 ساعة,4 ايام,79200.0,316800.0,,,
29,الإدارة العامــــة لــرى الغربيــــــة ,محطة خلط البنوان,مصرف سماتاى,ك 3.400,البنوان,ك 3.5,تعمل,1,1 م3 / ث,1,4.5 ساعة,6 ايام,93600.0,374400.0,هندسة غرب المحلة,,
30,الإدارة العامــــة لــرى الغربيــــــة ,محطة خلط جنابية شبشير ,سماتاى,ك29.00برا يسر,جنابيه شبشير,المصب ك 11.15,تعمل,1,1 م3 / ث,1,1.5 ساعة,1 يوم,5400.0,21600.0,هندسة رى طنطا ,,
31,الإدارة العامــــة لــرى الغربيــــــة ,محطة خلط جنابية دسوق ,سماتاى,ك26.700برايمن,جنابيه دسوق,المصب ك5.400,تعمل,--,1 م3 / ث,1,1 ساعة,1 يوم,3600.0,14400.0,,,
32,الإدارة العامــــة لــرى الغربيــــــة ,محطة خلط أم حلقه ,نشرت,ك33.00برايمن,ام حلقه,المصب ك2.03,تعمل,--,1 م3 / ث,1,1.5 ساعة,1  يوم,5400.0,21600.0,,,
33,الإدارة العامة لرى النصر,قرية 18 بنجر,مصرف 5 النصر,بر ايمن 5.5 المصرف,فرع 8 ايمن البنجر,بر ايسر الترعة ,تعمل ,2,1,2,12,3,259200.0,1036800.0,,,
34,الإدارة العامة لرى النصر,أبو مسعود اليمنى,مصرف علم المرقب,بر ايسر  ك4 المصرف,أبو مسعود اليمنى,بر ايمن ك  4.5,تم الغاؤها,0,0,0,0,0,0.0,0.0,,,
35,الإدارة العامة لرى النوبارية,جلال,مصرف النوبارية,ك9.00,نهاية ترعة جلال,,جيدة,,0.9,1,5 ساعات تعمل 20 يوم بالشهر  ,,70560.0,302400.0,,,
36,الإدارة العامة لرى النوبارية,الوكلاء القديمة,مصرف النوبارية,ك11.200,نهاية ترعة الوكلاء القديمة ,,جيدة,,0.9,1,5 ساعات تعمل 20 يوم بالشهر  ,,194040.0,831600.0,,,
37,الإدارة العامة لرى النوبارية,مغذى الحاجر,مجرى خلط,,ترعة الحاجر,ك 42.00,جيدة,,0.85,2,48,,52920.0,226800.0,,,
38,الإدارة العامة لرى النوبارية,قيريطم,شرشرا,,ترعة قيريطيم,,جيدة,,0.9,1,8,,123480.0,529200.0,,,
39,الإدارة العامة لرى النوبارية,المنشية,جبارس,,ترعة المنشية ,,جيدة,,0.9,1,10,,80640.0,345600.0,,,
40,الإدارة العامة لرى النوبارية,مغذى ترعة بهيج,النصر البحرى ,13.3,ترعة بهيج ,17,,,,1,,,648000.0,2592000.0,,,
41,الإدارة العامة لرى النوبارية,مغذى دليل ترعة مريوط,تعمير الصحارى ,2.1,ترعة مريوط,2.8,,,,4,,,2592000.0,10368000.0,,,
42,الإدارة العامة لرى النوبارية,مغذى مص محطة مريوط 4,150 بغداد ,4.9,ترعة مريوط,,,,,0.25,,,162000.0,648000.0,,,
43,الإدارة العامة لرى النوبارية,مغذى ترعة الطفلة ,الصاعدة,2.3,ترعة الطفلة,2.25,,,,0.25,,,162000.0,648000.0,,,
44,الإدارة العامة لرى النوبارية,مصرف لترعة الطفلة ,خالد بن الوليد (مصرف خصوصى),,ترعة الطفلة,4.85,,,,0.25,,,162000.0,648000.0,,,
45,الإدارة العامة لرى النوبارية,مغذى دليل الثورة الرئيسية ,غرب النوبارية ,50,دليل الثورة ,0.6,,,,1,,,648000.0,2592000.0,,,
46,الإدارة العامة لرى النوبارية,مغذى دليل الحرية الرئيسية ,غرب النوبارية ,60,دليل الحرية,0.1,,,,0.25,,,162000.0,648000.0,,,
47,الإدارة العامة لرى النوبارية,مغذى فرع(1) ايمن الحاجر ,العموم,22.9,فرع (1),,,,,0.5,,,324000.0,1296000.0,,,
48,الإدارة العامة لرى النوبارية,مغذى فرع(2) ايمن الحاجر ,العموم,19.8,فرع (2),,,,,0.5,,,324000.0,1296000.0,,,
49,الإدارة العامة لرى النوبارية,مغذى فرع(3) ايمن الحاجر ,العموم,16.7,فرع (3),,,,,0.5,,,324000.0,1296000.0,,,
50,الإدارة العامة لرى شرق الدقهلية,زغلولة,النيل,104,ترعة زغلولة,13.5,0.75,1,1,1,9,63,170100.0,729000.0,قبلي أجا,,
51,الإدارة العامة لرى شرق الدقهلية,بشلا,ترعة المنصورية,12.4,جنابية بشلا,12.7,0.75,1,1,1,8,56,151200.0,648000.0,,,
52,الإدارة العامة لرى شرق الدقهلية,الشون,النظام,15,الشون اليمني,نهاية الترعة,0.75,1,0.5,1,0,0,0.0,0.0,قبلي المنصورة,,
53,الإدارة العامة لرى شرق الدقهلية,الصلاحات,طناح البحري,0.5,الصلاحات,نهاية الترعة,0.75,1,1,1,10,70,189000.0,810000.0,,,
54,الإدارة العامة لرى شرق الدقهلية,نجع العربان,حادوس,23,نجع العربان,نهاية الترعة,0.75,1,1,1,12,84,226800.0,972000.0,ميت سويد,,
55,الإدارة العامة لرى شرق الدقهلية,الحدادة,حادوس,27,الحدادة,نهاية الترعة,0.75,1,1,1,9,63,170100.0,729000.0,,,
56,الإدارة العامة لرى شرق الدقهلية,اليوسيفية,حادوس,37,اليوسيفية,نهاية الترعة,0.75,1,1,1,16,112,302400.0,1296000.0,,,
57,الإدارة العامة لرى شرق الدقهلية,نهاية الزوات,حادوس,40,الزوات,نهاية الترعة,0.75,1,1,1,8,56,151200.0,648000.0,,,
58,الإدارة العامة لرى شرق الدقهلية,خيري,حادوس,43,فرع خيري,نهاية الترعة,0.75,1,1,1,11,77,207900.0,891000.0,,,
59,الإدارة العامة لرى شرق الدقهلية,الجنينة,عموم البحيرة الأعلي,0.25,الجنينة,نهاية الترعة,0.75,1,1,1,12,84,226800.0,972000.0,,,
60,الإدارة العامة لرى شرق الدقهلية,الملقا, زروفوذاكي,8.1,الملقا,نهاية الترعة,0.75,1,1,1,8,56,151200.0,648000.0,,,
61,الإدارة العامة لرى شرق الدقهلية,النزل,السرو الأسفل,19.7,النزل,نهاية الترعة,0.75,1,1,1,11,77,207900.0,891000.0,دكرنس,,
62,الإدارة العامة لرى شرق الدقهلية,ميت طاهر,السرو,18,ميت طاهر,نهاية الترعة,0.85,1,1,1,9,63,192780.0,826200.0,,,
63,الإدارة العامة لرى شرق الدقهلية,ميت رومي, عموم البحيرة الأعلي ,13.35,ميت رومي,نهاية الترعة,0.75,1,1,1,10,70,189000.0,810000.0,,,
64,الإدارة العامة لرى شرق الدقهلية,المناشر, قنيش  ,0.5,المناشر,نهاية الترعة,0.75,1,1,1,8,56,151200.0,648000.0,,,
65,الإدارة العامة لرى شرق الدقهلية,فرع الجوابر,مرجا,1,فرع الجوابر,نهاية الترعة,0.75,1,1,1,8,56,151200.0,648000.0,غرب المنزلة,,
66,الإدارة العامة لرى شرق الدقهلية,البحيرة,السرو الأسفل,8.25,البحيرة,نهاية الترعة,0.85,1,1,1,10,70,214200.0,918000.0,,,
67,الإدارة العامة لرى شرق الدقهلية,التل,السرو الأسفل,5,التل,نهاية الترعة,0.75,1,1,1,11,77,207900.0,891000.0,,,
68,الإدارة العامة لرى شرق الدقهلية,مبارك,  السرو الأسفل ,10.4,مبارك,نهاية الترعة,0.75,1,1,1,8,56,151200.0,648000.0,,,
69,الإدارة العامة لرى شرق الدقهلية,عنبر,  الجمالية ,0.6,عنبر,نهاية الترعة,0.75,1,1,1,9,63,170100.0,729000.0,,,
70,الإدارة العامة لرى شرق الدقهلية,أم نوار العليا,السرو ,6.15,أم نوار العليا,نهاية الترعة,0.85,1,1,1,12,84,257040.0,1101600.0,بحري المنصورة,,
71,الإدارة العامة لرى شرق الدقهلية,أم نوار السفلي,السرو,5.4,أم نوار السفلي,نهاية الترعة,0.85,1,1,1,10,70,214200.0,918000.0,,,
72,الإدارة العامة لرى شرق الدقهلية,شها,السرو,31.5,شها,نهاية الترعة,0.75,1,1,1,9,63,170100.0,729000.0,,,
73,الإدارة العامة لرى شرق الدقهلية,النسايمة,الأحمدية,5.3,النسايمة,نهاية الترعة,0.75,1,1,1,10,70,189000.0,810000.0,شرق المنزلة,,
74,الإدارة العامة لري جنوب الدقهلية,سنتماى,بحر صفط,ك 0.85, أم يونس الدنديطية,ك 21,معطلة,,1,1,0,0,,0.0,,,
75,الإدارة العامة لري جنوب الدقهلية,محمود باشا,بحر صفط,ك17.740, محمود باشا,ك 7.200,معطلة,,1,1,0,0,,306000.0,,,
76,الإدارة العامة لري جنوب الدقهلية,الدبيجية,بحر صفط,ك9.140, الدبيجية,ك 16.950,تعمل,,1,1,0,0,,172800.0,,,
77,الإدارة العامة لري جنوب الدقهلية,اتميدة,كوم النور,ك 7.200, اتميدة,ك 10.06,تعمل,,0.5,1,0,0,,0.0,,,
78,الإدارة العامة لري جنوب الدقهلية,الفردوس,طماى الزهايرة,ك2.500,الفردوس,ك1,تعمل,,0.5,1,0,0,,129600.0,,,
79,الإدارة العامة لري جنوب الدقهلية,محبوبة,بحر حادوس,ك62,محبوبة,ك4,تعمل,,0.5,1,0,0,,129600.0,,,
80,الإدارة العامة لري جنوب الدقهلية,عثمان رمزى,بحر حادوس,ك55,عثمان رمزى,ك6,تعمل,,1,1,0,0,,345600.0,,,
81,الإدارة العامة لري جنوب الدقهلية,الصافورية,بحر حادوس,ك57,ترعة الصافورية,ك21.600,تعمل ,,1,1,0,0,,345600.0,,,
82,الإدارة العامة لري جنوب الدقهلية,مليكة,أم عنام,ك6.450,مليكة,النهاية,تعمل,,0.5,1,0,0,,172800.0,,,
83,الإدارة العامة لري جنوب الدقهلية,الشون السفلى,جنابية النظام الجديدة,ك3,الشون السفلى,ك 9.450,تعمل,,1,1,10,70,,720000.0,,,
84,الإدارة العامة لري جنوب الدقهلية,أم الدياب,النظام,ك7,أم الدياب,ك 10.700,تعمل,,1,1,12,84,,1080000.0,,,
85,الإدارة العامة لري جنوب الدقهلية,الكمونى,النظام,ك 10.500,الكمونى,ك 7.500,تعمل,,1,1,10,70,,720000.0,,,
86,الإدارة العامة لري جنوب الدقهلية,صدقا,بحر حادوس,ك46,صدقا,ك 7.3,معطلة,,1,1,0,0,,990000.0,,,
87,الإدارة العامة لري جنوب الدقهلية,المقاطعة,السنبلاوين,ك 2.500, المقاطعة,ك 8,تعمل,,0.5,1,10,70,,360000.0,,,
88,الإدارة العامة لري جنوب الدقهلية,محطة الرميلة,بحر حادوس,ك 50, صدقا  (الرميلة),ك 4.470,تعمل,,1,1,10,70,,990000.0,,,
89,الإدارة العامة لري جنوب الدقهلية,الخمسة,النظام,ك2, الخمسة,ك 8.250,تعمل,,1,1,12,84,,1080000.0,,,
90,الإدارة العامة لري جنوب الدقهلية,التمساحى,شاهتن,ك 2.700,التمساحى,ك 3.200,تعمل,,0.5,1,5,35,,90000.0,,,
91,الإدارة العامة لري جنوب الدقهلية,شكر الله,بحر صفط,ك 22.400, شكر الله,ك6,تعمل,,1,1,0,0,,0.0,,,
92,الإدارة العامة لري جنوب الدقهلية,الأميرة,بحر صفط,ك34, الأميرة,ك2,تعمل,,1,1,0,0,,0.0,,,
93,الإدارة العامة لري جنوب الدقهلية,المقدام,الهوابر,ك2,المقدام,النهاية,تعمل,,0.5,1,1,7,,0.0,,,
94,الإدارة العامة لري جنوب الدقهلية,القيطون والبيوم,الطرفه,ك 1.300,القيطون والبيوم,النهاية,تعمل,,0.5,1,0,0,,0.0,,,
95,الإدارة العامة لري جنوب الدقهلية,كوم الأشراف,ميت أبو خالد,ك2,كوم الأشراف,النهاية,تعمل,,0.5,1,0,0,,0.0,,,
96,الإدارة العامة لري جنوب الدقهلية,الدنديطية ,الهوابر,ك6,الدنديطية ,النهاية,تعمل,,0.5,1,0,0,,0.0,,,
97,الإدارة العامة لري جنوب الدقهلية,ميت القرشى,المقدام,ك 4,ميت القرشى,النهاية,تعمل,,0.5,1,0,0,,0.0,,,
98,الإدارة العامة لري جنوب الدقهلية,الأورمان,شنفاس,ك 6.300,الأورمان,ك 12.300,معطلة,,1,1,0,0,,0.0,,,
99,الادارة العامة لري البحيرة,لوقين ,دسونس,5,لوقين ,,جيدة,,0.5,1,7,,,324000.0,,,
100,الادارة العامة لري البحيرة,البسلقون,جنابية العموم,6,البسلقون,,جيدة,,0.5,1,6,,,486000.0,,,
101,الادارة العامة لري البحيرة,عواد,جنابية العموم,9,عواد,,جيدة,,0.5,1,7.5,,,432000.0,,,
102,الادارة العامة لري البحيرة,بلقطر,الشريشرا,0.3,بلقطر,,0.7,,1,1,12.5,,,1296000.0,,,
103,الادارة العامة لري البحيرة,القماحين,سيف,4,القماحين,,جيدة,,1,1,12,,,864000.0,,,
104,الادارة العامة لري البحيرة,محلة كيل,الشريشرا,6.8,محلة كيل,,جيدة,,1,1,7,,,756000.0,,,
105,الادارة العامة لري البحيرة,أبوطاحون,مصرف امتداد العموم,0,أبوطاحون,,0.7,,1,1,8,,,0.0,,,
106,الادارة العامة لري البحيرة,الزيني,الشريشرا,3,الزيني,,0.7,,1,1,10,,,1296000.0,,,
107,الادارة العامة لري البحيرة,سيدي عزب,الشريشرا,8,سيدي عزب,,0.8,,1,1,10,,,1080000.0,,,
108,الادارة العامة لري البحيرة,كوم القناطر,وصلة الزيني,8,كوم القناطر,,0.8,,1,1,4,,,540000.0,,,
109,الادارة العامة لري البحيرة,سيدي عمر,الشماسمة,5.7,ترعة المشروع,,0.7,,1,1,5,,,432000.0,,,
110,الادارة العامة لري غرب البحيرة,الجنينة,ايتاي البارود,7,الجنينة,,1,,1,1,18,,302600.0,1296000.0,,,
111,الادارة العامة لري غرب البحيرة,ابو دياب الاسفل,الشريشرة,17,ابو دياب الاسفل,,1,,1,1,18,,252000.0,1080000.0,,,
112,الادارة العامة لري غرب البحيرة,المصلب,ايتاي البارود,8.4,المصلب,,1,,1,1,18,,378000.0,1620000.0,,,
113,الادارة العامة لري غرب البحيرة,نفره,ايتاي البارود,3,نفره,,1,,1,1,18,,252000.0,1080000.0,,,
114,الادارة العامة لري غرب البحيرة,الجرن,واصلة ايتاي البارود/شبراخيت,3.9,الجرن,,1,,0.5,1,18,,252000.0,1080000.0,,,
115,الادارة العامة لري غرب البحيرة,البكوات,شبراخيت,4.9,وصلة الانصارية,,1,,1,1,18,,504000.0,2160000.0,,,
116,الادارة العامة لري غرب البحيرة,الانصاريه,واصلة ايتاي البارود/شبراخيت,0.06,الانصاريه,,1,,1,1,18,,302400.0,1296000.0,,,
117,الادارة العامة لري غرب البحيرة,إمتداد مستناد,شبراخيت,11.6,إمتداد مستناد,,1,,1,1,18,,453600.0,1944000.0,,,
118,الادارة العامة لري غرب البحيرة,المناشله الجديدة,شبراخيت,7.6,المناشله الجديدة,,1,,0.5,1,18,,252000.0,1080000.0,,,
119,الادارة العامة لري غرب البحيرة,المشايخ ,شبراخيت,2.1,المشايخ ,,1,,1,1,18,,554400.0,2376000.0,,,
120,الادارة العامة لري غرب البحيرة,ابو جازيه,شبراخيت,1.2,ج الرحمانية,,1,,0.5,1,18,,138600.0,594000.0,,,
121,الادارة العامة لري غرب البحيرة,الرزافة,وصلة الدلنجات,,الرزافة,,1,,0.5,1,18,,0.0,0.0,,,
122,الادارة العامة لري غرب البحيرة,الأفندية,وصلة الدلنجات,,الأفندية,,1,,1,1,18,,50400.0,216000.0,,,
123,الادارة العامة لري غرب البحيرة,موقع محطة تغذية ترعة القلعة من مصرف جبارس الشرقى,جبارس الشرقي,1.1,القلعة,,1,,0.5,1,18,,0.0,0.0,,,
124,الادارة العامة لري غرب البحيرة,موقع محطة تغذية ترعة طرابمبا من ايتاى/ شبراخيت ,ايتاي البارود,13,طرابمبا,,1,,1,1,18,,453600.0,1944000.0,,,
125,الادارة العامة لري غرب البحيرة,موقع محطة تغذية ترعة رستم من مصرف شبراخيت ,شبراخيت,13.7,رستم,,1,,0.5,1,18,,126000.0,540000.0,,,
126,الادارة العامة لري غرب البحيرة,موقع محطة تغذية ترعة الجنينة من مصرف ايتاى/شبراخيت,ايتاي البارود,7,الجنينه,,1,,0.5,1,18,,239400.0,1026000.0,,,
127,الادارة العامة لري غرب البحيرة,موقع محطة تغذية ترعة شاكر من مصرف اللوية ,اللوية,8,شاكر,,1,,0.5,1,18,,163800.0,702000.0,,,
128,الادارة العامة لري غرب البحيرة,موقع محطة تغذية ترعة الرزق من مصرف جبارس الشرقى,جبارس الشرقي,1.2,الرزق,,1,,0.5,1,18,,75600.0,324000.0,,,
129,الادارة العامة لري غرب البحيرة,"موقع محطة تغذية ترعة ابو دياب الاسفل 
من مصرف جبارس الغربى",جبارس الشرقي,5.2,أبو دياب الأسفل,,1,,1,1,18,,453600.0,1944000.0,,,
130,الادارة العامة لري غرب البحيرة,موقع محطة زيادة تغذية نهاية ابو دياب الأسفل من مصرف الشرايشرا,الشريشرة,16,أبو دياب الأسفل,,1,,1,1,18,,453600.0,1944000.0,,,
131,الادارة العامة لري غرب البحيرة,نهاية خليج المراكب ,الزعفران,1.5,خليج المراكب,,1,,0.5,1,18,,25200.0,108000.0,,,
132,الادارة العامة لري غرب البحيرة,موقع محطة تغذية نهاية ترعة الجرن بر أيمن,وصلة ايتاى / شبراخيت,1,الجرن,,1,,0.5,1,18,,138600.0,594000.0,,,
133,الادارة العامة لري غرب البحيرة,موقع محطة ترعة المناشلة الجديدة,منية سلامة,3,المناشلة الجديدة,,1,,0.5,1,18,,0.0,0.0,,,
134,الادارة العامة لري غرب البحيرة,موقع محطة مغذى لنهاية ترعة المناشلة الجديدة ,شبراخيت,7.6,المناشلة الجديدة,,1,,0.5,1,18,,100800.0,432000.0,,,
135,الادارة العامة لري المنوفية,نهاية ترعة النعناعية,,,ترعة النعناعية,79.4,,,,,,,,0.0,,,
136,الادارة العامة لري المنوفية,نهاية ترعة بحر سيف,,,ترعة بحر سيف,37.3,,,,,,,,864000.0,,,
137,الادارة العامة لري المنوفية,نهاية ترعة عميشة,,,ترعة عميشة,22.42,,,,,,,,0.0,,,
138,الادارة العامة لري المنوفية,نهاية ترعة رستم,,,ترعة رستم,3.87,,,,,,,,432000.0,,,
139,الإدارة العامة لرى غرب كفر الشيخ,السطح ( 1 ), مصرف بحر نشرت,ك 7.600 برأيمن,نهاية ترعةالسطح,النهاية,,,0.96,1,,,,380160.0,,,
140,الإدارة العامة لرى غرب كفر الشيخ,السطح ( 2 ), مصرف بحر نشرت,ك 7.600 برأيمن,نهاية ترعةالسطح,النهاية,,,1,1,,,,1800000.0,,,
141,الإدارة العامة لرى غرب كفر الشيخ,الحناوى, مصرف بحر نشرت,ك 7.500 بر أيمن,الحناوى,8,,,1,1,,,,907200.0,,,
142,الإدارة العامة لرى غرب كفر الشيخ,أم دخان, مصرف بحر نشرت,ك 2.300 بر أيمن,نهاية ترعة أم دخان,النهاية,,,1,1,,,,1267200.0,,,
143,الإدارة العامة لرى غرب كفر الشيخ,محيط بلشاشة ( الخمسين ), مصرف صندلا,ك 1.00 بر أيسر,محيط بلشاشة الغربي,5.5,,,1,1,,,,1050000.0,,,
144,الإدارة العامة لرى غرب كفر الشيخ,الخرابة, مصرف بحر نشرت,ك 2.000 بر أيمن,الخرابة,النهاية,,,1,1,,,,1296000.0,,,
145,الإدارة العامة لرى غرب كفر الشيخ,دليل الغامرية, مصرف بحر نشرت,ك 0.050 بر أيمن,نهاية الغامرية,النهاية,,,1,1,,,,200000.0,,,
146,الإدارة العامة لرى غرب كفر الشيخ,صندلا,مصرف صندلا,ك 4.000,محيط بلشاشة الغربي,,,,1,1,,,,1.1,,,
147,الإدارة العامة لرى غرب كفر الشيخ,عويرة,صندلا,ك 6.400,صندلا,مسقة عويرة,,,0.5,1,,,,396000.0,,,
148,الإدارة العامة لرى غرب كفر الشيخ,الشقة,مسقة الشقة,,الشقة,,,,0.5,1,,,,270000.0,,,
149,الإدارة العامة لرى غرب كفر الشيخ,المنشأة,المنشأة,ك 4.750 بر أيمن,ترعة المنشأة,7.2,,,1,2,,,,2370000.0,,,
150,الإدارة العامة لرى غرب كفر الشيخ,المسك,مصرف نمره 8,ك 4.400 بر أيسر,نهاية ترعة المسك,النهاية,,,1,1,,,,1382400.0,,,
151,الإدارة العامة لرى غرب كفر الشيخ,شالما ( 1 ) ,مصرف نمره8,ك 6.300 بر أيمن,امتداد شالما,9.5,,,1,1,,,,3217600.0,,,
152,الإدارة العامة لرى غرب كفر الشيخ,شالما ( 2 ) ,مصرف نمره 8,ك 6.300 بر أيمن,امتداد شالما,9.5,,,1,1,,,,3217600.0,,,
153,الإدارة العامة لرى غرب كفر الشيخ,ادريجه,المندوره,ك 6.500,ادريجه,النهاية,,,0.5,1,,,,720000.0,,,
154,الإدارة العامة لرى غرب كفر الشيخ,يوسف أفندي,مصرف نمره 10,ك 5.500 بر أيسر,نهاية ترعة يوسف أفندي,النهاية,,,1,1,,,,54000.0,,,
155,الإدارة العامة لرى غرب كفر الشيخ,السعداء,مصرف نمره 11,ك 7.000 بر أيمن,السعداء,النهاية,,,1,1,,,,282300.0,,,
156,الإدارة العامة لرى غرب كفر الشيخ,نهاية دليل الجنابية اليمنى,نمرة 9 الملغاه,الوصلة الملغاة,الجنابية اليمنى,النهاية,,,1,1,,,,259200.0,,,
157,الإدارة العامة لرى غرب كفر الشيخ,نحر كشك,مصرف ثروت,ك 3.500 بر أيسر,نحر كشك ,النهاية,,,1,1,,,,1152000.0,,,
158,الإدارة العامة لرى غرب كفر الشيخ,مفتاح,مصرف ثروت,ك 6.00 بر أيمن,نهاية ترعة مفتاح,النهاية,,,1,1,,,,540000.0,,,
159,الإدارة العامة لرى غرب كفر الشيخ,الكرادوة,مصرف فرعون,ك 2.500 بر أيمن,الكرادوة,النهاية,,,0.5,1,,,,306000.0,,,
160,الإدارة العامة لرى غرب كفر الشيخ,قبريط,مصرف نمره 11,ك 6.00 بر أيمن,نهاية ترعة قبريط,النهاية,,,1,1,,,,276000.0,,,
161,الإدارة العامة لرى غرب كفر الشيخ,خليج برمبال,زغلول الشرقي,ك 1.200 بر أيسر,المياه الحلوة وخليج برمبال,النهاية,,,1,1,,,,691200.0,,,
162,الإدارة العامة لرى غرب كفر الشيخ,امتداد شالما, مصرف نمره ( 8),3.4,امتداد شالما,ك 15.00,,,0.96,1,,,,216000.0,,,
163,الإدارة العامة لرى غرب كفر الشيخ,امتداد الجنابية الشرقية, مصرف الوسطاني,1,امتداد الجنابية الشرقية,ك 1.860,,,1,1,,,,266700.0,,,
164,الإدارة العامة لرى غرب كفر الشيخ,البرنوف,نمرة 9 الأسفل,12.2,البرنوف,النهاية,,,1,1,,,,113400.0,,,
165,الإدارة العامة لرى غرب كفر الشيخ,البجاجير,مصرف الوسطاني,5.5,البجاجير,النهاية,,,1,1,,,,226800.0,,,
166,الإدارة العامة لرى غرب كفر الشيخ,بحر القصابي,مصرف نمره ( 11),6.00  بر أيمن,بحر القصابي,النهاية,,,1,1,,,,1050000.0,,,
167,الإدارة العامة لرى غرب كفر الشيخ,نهاية الطراوي, مصرف ثروت,5.5,نهاية الطراوي,النهاية,,,1,1,,,,453600.0,,,
168,الإدارة العامة لرى غرب كفر الشيخ,ابطو, مصرف ثروت,0.8,ابطو,ك 9.500,,,1,1,,,,453600.0,,,
169,الإدارة العامة لرى غرب كفر الشيخ,كوم الفراعين ,فرعون,3.6,كوم الفراعين ,النهاية,,,1,1,,,,453600.0,,,
170,الإدارة العامة لرى غرب كفر الشيخ,سنهور الصغرى,حوض الحجر,3,كوم الفراعين ,ك 7.00,,,0.5,1,,,,594000.0,,,
171,الإدارة العامة لرى غرب كفر الشيخ,نهاية ابطو,وصلة نمرة9 الملغاه,الوصلة ,نهاية ابطو,النهاية,,,1,2,,,,2370000.0,,,
172,الادارة العامة لري الصالحية,سيدي سالم 1,بحر البقر,43.5,المناجاة,,0.8,,0.5,1,5,,22500.0,90000.0,,,
173,الادارة العامة لري الصالحية,سيدي سالم 2,بحر البقر,43.5,المناجاة,,0.9,,1,1,5,,45000.0,180000.0,,,
174,الادارة العامة لري الصالحية,العقايلة,بحر البقر,49.5,نهاية خليج العقايلة,,0.8,,1,1,3,,27000.0,108000.0,,,
175,الادارة العامة لري الصالحية,الصباغ,بحر البقر,54,خليج الصباغ,,0.8,,1,1,6,,54000.0,216000.0,,,
176,الادارة العامة لري الصالحية,الاخيوه,بحر البقر,55.2,الاخيوة,,0.75,,0.5,1,6,,27000.0,108000.0,,,
177,الادارة العامة لري الصالحية,الاخيوه,بحر البقر,55.2,الاخيوه,,0.75,,0.5,1,6,,27000.0,108000.0,,,
178,الادارة العامة لري الصالحية,شرارة,بحر البقر,56.6,السعرانة ,,0.75,,1,1,4,,36000.0,144000.0,,,
179,الادارة العامة لري الصالحية,الملكين,بحر البقر,58,نهاية الملكين,,0.75,,1,1,7,,63000.0,252000.0,,,
180,الادارة العامة لري الصالحية,البطيخ,فرع امتداد قهبونة,0.3,البطيخ القديمة,,0.8,,1,1,1,,9000.0,36000.0,,,
181,الادارة العامة لري الصالحية,الداركة,السعدة,3.1,الحاج عمر,,0.75,,1,1,1,,9000.0,36000.0,,,
182,الادارة العامة لري الصالحية,أيسر المناجاة,بحر البقر,47,نهاية أيسر المناجاة,,0.75,,0.5,1,8,,36000.0,144000.0,,,
183,الادارة العامة لري الصالحية,أيسر المناجاة,بحر البقر,47,نهاية أيسر المناجاة,,0.75,,1,1,8,,72000.0,288000.0,,,
184,الادارة العامة لري الصالحية,المناصرة,بحر البقر,60.1,نهاية المناصرة,,0.75,,0.5,1,3,,13500.0,54000.0,,,
185,الادارة العامة لري الصالحية,السعيدية,السعدة,6.2,السعيدية,,0.8,,1,1,1,,9000.0,36000.0,,,
186,الادارة العامة لري الصالحية,السعدة,السعدة,0.75,السعرانة ,,0.7,,1,1,1,,9000.0,36000.0,,,
187,الادارة العامة لري الصالحية,التل,بحر البقر,62,نهاية التل,,0.8,,1,1,4,,36000.0,144000.0,,,
188,الادارة العامة لري الصالحية,الاسطبل,بحر البقر,63.5,نهاية الاسطبل,,0.8,,1,1,3,,27000.0,108000.0,,,
189,الادارة العامة لري الصالحية,خليج عبد العال,بحر البقر,46.05,نهاية الخليج,,0.85,,1,1,6,,54000.0,216000.0,,,
190,الادارة العامة لري الصالحية,وصلة عمريط,بلاد العايد الأعلى,7.3,وصلة عمريط,,0.9,,1,1,3,,27000.0,108000.0,,,
191,الادارة العامة لري الصالحية,نهاية السعرانة,بحر البقر,2.2,نهاية السعرانة,,0.8,,1,1,3,,27000.0,108000.0,,,
192,الإدارة العامة لرى شرق الشرقية, جندل السفلى,بحر البقر,ك 39, ترعة جندل السفلى,نهاية,جيدة,,3*1,6,12,,,800000.0,,,
193,الإدارة العامة لرى شرق الشرقية, جندل السفلى,,,,,,,3*0.5,,,,,800000.0,,,800000.0
194,الإدارة العامة لرى شرق الشرقية,  سعود,بحر البقر,ك 50,  سعود,نهاية,جيدة,,1*1,3,8,,,500000.0,,,
195,الإدارة العامة لرى شرق الشرقية,,,,,,,,2*0.5,,,,,,,,
196,الإدارة العامة لرى شرق الشرقية, السماعنة,بحر البقر,ك 43, السماعنة,نهاية,جيدة,,1*0.5,2,12,,,648000.0,,,
197,الإدارة العامة لرى شرق الشرقية,,,,,,,,1*1,,,,,,,,
198,الإدارة العامة لرى شرق الشرقية,  شداد,بحر البقر,ك47,  شداد,نهاية,جيدة,,1,1,4,,,500000.0,,,
199,الإدارة العامة لرى شرق الشرقية,  صان الغزالى,بحر فاقوس,ك4.4,  صان الغزالى,نهاية,جيدة,,0.5,1,8,,,216000.0,,,
200,الإدارة العامة لرى شرق الشرقية, أبو راس,الطحاوي الشرقي,ك3, أبو راس,نهاية,جيدة,,0.5,1,8,,,216000.0,,,
201,الإدارة العامة لرى شرق الشرقية,سمير ,فاقوس,ك 4,سمير ,نهاية,جيدة,,0.5,1,6,,,500000.0,,,
202,الإدارة العامة لرى شرق الشرقية, المنشأة,بحر البقر,ك40, المنشأة,نهاية,جيدة,,2*0.5,3,12,,,648000.0,,,
203,الإدارة العامة لرى شرق الشرقية,,,,,,,,1*1,,,,,,,,
204,الإدارة العامة لرى شرق الشرقية, سامى,تيمور,ك 8, سامى,نهاية,جيدة,,1*0.5,2,8,,,800000.0,,,
205,الإدارة العامة لرى شرق الشرقية,,,,,,,,1*1,,,,,,,,
206,الإدارة العامة لرى شرق الشرقية,تانيس,بحر فاقوس,ك 1.06,تانيس,نهاية,جيدة,,1,1,0,,,0.0,,,
207,الإدارة العامة لرى شرق الشرقية,الصدقة,بحر البقر,ك 48.5,الصدقة,نهاية,جيدة,,1,1,0,,,0.0,,,
208,الإدارة العامة لرى شرق الشرقية, أمين باشا,بحر البقر,ك 58, أمين باشا,نهاية,جيدة,,1,1,8,,,576000.0,,,
209,الإدارة العامة لرى شرق الشرقية, الربعمائة,بحر فاقوس,ك 10.5, الربعمائة,نهاية,جيدة,,1,1,8,,,432000.0,,,
210,الإدارة العامة لرى شرق الشرقية,  الاخيوة,بحر البقر,ك 60,  الاخيوة,نهاية,جيدة,,1,1,8,,,432000.0,,,
211,الإدارة العامة لرى شرق الشرقية, النصرانية,بحر فاقوس,ك 12, النصرانية,نهاية,جيدة,,0.5,1,8,,,72000.0,,,
212,الإدارة العامة لرى شرق الشرقية,  الغزالى,بحر فاقوس,ك 4.4,  الغزالى السفلي,نهاية,جيدة,,1,3,12,,,820800.0,,,
213,الإدارة العامة لرى شرق الشرقية,,,,,,,,0.5,,4,,,43200.0,,,
214,الإدارة العامة لرى شرق الشرقية,,,,,,,,0.5,,4,,,43200.0,,,
215,الإدارة العامة لرى شرق الشرقية,  أم صوير,بحر فاقوس,ك 9.250,  أم صوير,نهاية,جيدة,,1,1,22,,,2296800.0,,,
216,الإدارة العامة لرى شرق الشرقية, أم عجرم,أبو عجوة,ك 7.65, أم عجرم,نهاية,جيدة,,1,1,5,,,324000.0,,,
217,الإدارة العامة لرى شرق الشرقية, فرع النوافعة,صان البحري,ك 13.87, فرع النوافعة,نهاية,جيدة,,1,1,12,,,907200.0,,,
218,الإدارة العامة لرى شرق الشرقية,  بهجت,أبو عجوة,ك 0.7,  بهجت,نهاية,جيدة,,1*1,2,17,,,1285200.0,,,
219,الإدارة العامة لرى شرق الشرقية,,,,,,,,1*0.5,,22,,,1188000.0,,,
220,الإدارة العامة لرى شرق الشرقية, النص,أبو عجوة,ك 4.1, النص,نهاية,جيدة,,1*0.5,2,4,,,129600.0,,,
221,الإدارة العامة لرى شرق الشرقية,,,,,,,,1*0.5,,4,,,129600.0,,,
222,الإدارة العامة لرى شرق الشرقية,المساعيد,بحر فاقوس,ك 60,المساعيد,نهاية,جيدة,,1*0.5,2,12,,,367200.0,,,
223,الإدارة العامة لرى شرق الشرقية,,,,,,,,1*1,,4,,,158400.0,,,
224,الإدارة العامة لرى شرق الشرقية,مغذى بهجت,صان البحري,ك 9.7,ترعة بهجت,نهاية,جيدة,,1,1,10,,,180000.0,,,
225,الإدارة العامة لرى شرق الشرقية,النوافعة,صان البحري,ك 15,النوافعة,نهاية,جيدة,,1,1,9,,,388800.0,,,
226,الإدارة العامة لغرب الشرقية,دوار سلامة,دوار سلامة,النهاية,دوار سلامة,,,,0.5,1,3,,6750.0,27000.0,,,
227,الإدارة العامة لغرب الشرقية,ج3 أيمن القصبي,القصبي,النهاية,ج3 القصبي,,,,1,1,8,,72000.0,288000.0,,,
228,الإدارة العامة لغرب الشرقية,المنشر,القصبي,النهاية,المنشر,,,,1,2,10,,270000.0,1080000.0,,,
229,الإدارة العامة لغرب الشرقية,القصبي القديم,القصبي,ك 1.200,القصبي القديم,,,,0.5,1,3,,6750.0,27000.0,,,
230,الإدارة العامة لغرب الشرقية,أبو طاحون,القصبي,النهاية,أبو طاحون,,,,1,1,8,,108000.0,432000.0,,,
231,الإدارة العامة لغرب الشرقية,العجور,القصبي,النهاية,العجور,,,,1,2,12,,432000.0,1728000.0,,,
232,الإدارة العامة لغرب الشرقية,البطيخ,القصبي,النهاية,البطيخ,,,,1,2,10,,270000.0,1080000.0,,,
233,الإدارة العامة لغرب الشرقية,أنيس,القصبي,النهاية,أنيس,,,,1,1,12,,108000.0,432000.0,,,
234,الإدارة العامة لغرب الشرقية,أنيس,القصبي,النهاية,أنيس,,,,0.5,1,12,,54000.0,216000.0,,,
235,الإدارة العامة لغرب الشرقية,ك 9 القصبي,حادوث,ك 9.00,القصبي,,,,1,1,0,,0.0,0.0,,,
236,الإدارة العامة لغرب الشرقية,القنان 4.500,القصبي,ك 4.500,القنان ,,,,1,1,6,,54000.0,216000.0,,,
237,الإدارة العامة لغرب الشرقية,القنان 5,القصبي,ك 6.280,القنان ,,,,0.5,1,6,,27000.0,108000.0,,,
238,الإدارة العامة لغرب الشرقية,القنان 5,القصبي,ك 6.280,القنان ,,,,1,1,6,,54000.0,216000.0,,,
239,الإدارة العامة لغرب الشرقية,القنان 1,القصبي,ك 8.00,القنان ,,,,1,1,6,,54000.0,216000.0,,,
240,الإدارة العامة لغرب الشرقية,أم اللحم,القنان,النهاية,أم اللحم,,,,1,2,5,,54000.0,216000.0,,,
241,الإدارة العامة لغرب الشرقية,الحلوة,القنان,النهاية,الحلوة,,,,0.5,1,5,,11250.0,45000.0,,,
242,الإدارة العامة لغرب الشرقية,الحلوة,القنان,النهاية,الحلوة,,,,1,1,5,,22500.0,90000.0,,,
243,الإدارة العامة لغرب الشرقية,مغذي أبو طاحون,حادوث,الفم,أبو طاحون,,,,1,2,10,,270000.0,1080000.0,,,
244,الإدارة العامة لغرب الشرقية,راغب,القصبي,ك 2.00,راغب,,,,1,1,12,,129600.0,518400.0,,,
245,الإدارة العامة لغرب الشرقية,زور أبو الليل,صفط الأوسط,ك 7.00,زور أبو الليل,,,,1,2,4,,36000.0,144000.0,,,
246,الإدارة العامة لغرب الشرقية,فرع القنان,الأمير,النهاية,فرع القنان,,,,1,1,6,,54000.0,216000.0,,,
247,الإدارة العامة لغرب الشرقية,سليم عزت,صفط الأوسط,النهاية,سليم عزت,,,,0.5,1,10,,139500.0,558000.0,,,
248,الإدارة العامة لغرب الشرقية,المعترض,صفط الأوسط,النهاية,المعترض,,,,0.5,1,10,,139500.0,558000.0,,,
249,الإدارة العامة لغرب الشرقية,الصوفية,وصلة العارين,ك 3.00,الصوفية,,,,0.5,2,8,,223200.0,892800.0,,,
250,الإدارة العامة لغرب الشرقية,الهجارسة,مصرف الابراهيمية,ك 5.200,الهجارسة,,,,1,1,0,,0.0,0.0,,,
251,الإدارة العامة لغرب الشرقية,شنيط الحرابوة,مصرف الابراهيمية,النهاية,شنيط الحرابوة,,,,0.5,1,5,,69750.0,279000.0,,,
252,الإدارة العامة لغرب الشرقية,أبو الشقوق,صفط القبلي,ك 2.00,أبو الشقوق,,,,1,1,10,,135000.0,540000.0,,,
253,الإدارة العامة لغرب الشرقية,كفر غنام,صفط القبلي,الفم,كفر غنام,,,,1,1,10,,135000.0,540000.0,,,
254,الإدارة العامة لغرب الشرقية,سنجها الغربي,صفط,ك 14.00,سنجها الغربي,,,,1,1,10,,279000.0,1116000.0,,,
255,الإدارة العامة لغرب الشرقية,المسروعة,صان القبلي,النهاية,المسروعة,,,,0.5,1,10,,45000.0,180000.0,,,
256,الإدارة العامة لغرب الشرقية,مصطفى باشا,صان القبلي,النهاية,مصطفى باشا,,,,1,1,10,,90000.0,360000.0,,,
257,الإدارة العامة لغرب الشرقية,أولاد موسى,العارين,النهاية,أولاد موسى,,,,0.5,1,10,,45000.0,180000.0,,,
258,الإدارة العامة لغرب الشرقية,الرمل,العارين,النهاية,الرمل,,,,1,1,10,,90000.0,360000.0,,,
259,الإدارة العامة لغرب الشرقية,جميزة بني عمرو,بحر صفط القبلي,ك 2.00,جميزة بني عمرو,,,,1,1,10,,90000.0,360000.0,,,
260,الإدارة العامة لغرب الشرقية,أكراش,بحر صفط القبلي,النهاية,أكراش,,,,1,1,10,,90000.0,360000.0,,,
261,الإدارة العامة لغرب الشرقية,الجزيرة السفلى,بحر صفط القبلي,النهاية,الجزيرة السفلى,,,,1,1,0,,0.0,0.0,,,
262,الإدارة العامة لغرب الشرقية,الجزيرة القديمة,بحر صفط القبلي,ك 1.00,الجزيرة القديمة,,,,1,1,10,,90000.0,360000.0,,,
263,الإدارة العامة لرى بنى سويف,مغذى الشماشرجى,مصرف سليم,4.9,ترعة الشماشرجى,,0.7,4,0.25,,6,,15120.0,60480.0,,,
264,الإدارة العامة لرى بنى سويف,مغذى قفطان,مصرف مازورة,5.6,ترعة قفطان,,المغذى معطل ولا يعمل,6,0.25,,,,0.0,,,,
265,الإدارة العامة لرى بنى سويف,سحارة مازورة,مصرف المحيط,15.7,ترعة ابوشوشة,,0.75,5,0.5,,6,,32400.0,129600.0,,,
266,الإدارة العامة لرى بنى سويف,مغذى تلت,مصرف المحيط,3,ترعة تلت,,0.73,3,0.5,,6,,31536.0,126144.0,,,
267,الإدارة العامة لرى بنى سويف,مغذى الحاجرى,مصرف محيط دموشيا,ك6.00,عمار البحرية,,0.7,4,0.25,,10,,25200.0,100800.0,,,
268,الإدارة العامة لرى بنى سويف,مغذى باروط,مصرف محيط دموشيا,ك4.200,ترعة عمار البحرية,,معطل وجارى عمل إحلال وتجديد للمغذى,4,0.25,,,,0.0,,,,
269,الإدارة العامة لرى بنى سويف,مغذى الوالدة,مصرف طرد اهناسيا,ك247.800,ترعة الإبراهيمية,,0.7,5,1,,8,,151200.0,604800.0,,,
270,الإدارة العامة لرى بنى سويف,الشريف,مصرف محيط دموشيا,ك 13.00,عمار القبلية,,0.75,4,0.25,,6,,8100.0,32400.0,,,
271,الإدارة العامة لرى بنى سويف,فزارة,مصرف صفط راشين,ك 18.00,نهاية جنابية عمار,,0.73,2,0.25+1,,8,,42048.0,168192.0,,,
272,الإدارة العامة لرى بنى سويف,ابوشهبة,مصرف ابوشهبة,ك 18.500,نهاية جنابية عمار,,0.75,4,0.25,,8,,27000.0,108000.0,,,
273,الإدارة العامة لرى بنى سويف,الشراهنة,مصرف الشراهنة,ك 217.500,ترعة الإبراهيمية,,0.7,4,1,,10,,226800.0,907200.0,,,
274,الإدارة العامة لرى بنى سويف,ابسوج,مصرف المحيط الغربى,ك217.37,ترعة ابسوج,,0.74,4,0.25,,8,,21312.0,85248.0,,,
275,الإدارة العامة لرى بنى سويف,مغذى قشيشة,مصرف الرفع,ك276.5,ترعة الإبراهيمية,,0.73,5,1,,12,,252288.0,1009152.0,,,
276,الإدارة العامة لرى بنى سويف,مغذى قمن العروس,مصرف الرفع,2.8,ترعة قمن العروس,,0.72,4,0.5,,8,,82944.0,331776.0,,,
277,الإدارة العامة لرى بنى سويف,مغذى المنصور,مصرف محيط بني سويف,نهاية الترعة,ترعة المنصور,,0.7,4,0.5,,8,,20160.0,80640.0,,,
278,الإدارة العامة لرى بنى سويف,مغذى الديابية,مصرف الرفع,6.65,ترعة اشمنت البحرية,,0.75,2,0.7,,8,,37800.0,151200.0,,,
279,الإدارة العامة لرى بنى سويف,مغذى انفسط,مصرف المحيط,8,ترعة انفسط,,0.75,2,0.5,,8,,27000.0,108000.0,,,
280,الإدارة العامة لرى بنى سويف,مغذى دالاص,مصرف نصرى,8.8,نهاية ترعة دالاص الغربية,,0.75,3,0.5,,8,,54000.0,216000.0,,,
281,الإدارة العامة لرى بنى سويف,مغذى على حافظ,مصرف المحيط,3.87,ترعة على حافظ,,0.75,3,0.5,,8,,54000.0,216000.0,,,
282,الإدارة العامة لرى بنى سويف,مغذى المنصور الجديد,مصرف المحيط,10.4,ترعة المنصور,,0.75,3,0.25,,8,,13500.0,54000.0,,,
283,الإدارة العامة لرى بنى سويف,مغذى دنديل,مصرف المحيط,7.72,نهاية ترعة دنديل ,,0.73,2,0.5,,8,,21024.0,84096.0,,,
284,الإدارة العامة لرى بنى سويف,قلة,مصرف المحيط,11,ترعة قلة,,0.74,5,0.5,,8,,74592.0,298368.0,,,
285,الإدارة العامة لرى بنى سويف,باها,مصرف باها,15.6,ترعة باها,,0.75,3,0.7,,8,,60480.0,241920.0,,,
286,الإدارة العامة لرى بنى سويف,سيلا العمومى ,مصرف  قبلى السكه الحديد,0.2,بحر سيلا ,3.5,تعمل ,2,0.25,1,24,7,113400.0,487620.0,,,
287,الإدارة العامة لرى بنى سويف,مطرطارس,الخزان ,3.5,مطرطارس الشرقى,2.2,تعمل ,2,0.25,1,24,7,113400.0,487620.0,,,
288,الإدارة العامة لرى بنى سويف,النقله,البطس ,22,بحر النقله ,1.13,تعمل ,4,0.25,2,24,7,226800.0,975240.0,,,
289,الإدارة العامة لرى بنى سويف,تراسيس,تنهلا ,6,بحر تراسيس,2.7,تعمل ,2,0.25,1,24,7,113400.0,487620.0,,,
290,الإدارة العامة لرى بنى سويف,الطاحون,البطس ,10.7,مسقة الطاحون ,63.12,تعمل ,2,0.5,1,24,7,226800.0,975240.0,,,
291,الإدارة العامة لرى بنى سويف,عزام,عزام,1.5,الجمهوريه ,0.6,تعمل ,2,0.25,1,24,7,113400.0,487620.0,,,
292,الإدارة العامة لرى بنى سويف,يسار وهبه بر ايمن ,البطس ,8.6,بحر وهبه ,68.12,تعمل ,2,0.25,1,24,7,113400.0,487620.0,,,
293,الإدارة العامة لرى بنى سويف,الشحات ,الشحات,0,باجا,1,تعمل ,2,0.25,1,8,6,32400.0,139320.0,,,
294,الإدارة العامة لرى بنى سويف,الجمهوريه ,بركة المطار ,1.1,الجمهوريه ,8.5,تعمل ,2,0.25,1,24,7,113400.0,487620.0,,,
295,الإدارة العامة لرى بنى سويف,يسار وهبه بر ايسر ,البطس ,8.6,بحر وهبه ,68.1,تعمل ,2,0.15,1,24,7,68040.0,292572.0,,,
296,الإدارة العامة لرى بنى سويف,ابجيج ,الشحات,10.2,ابجيج الواطى ,3.65,تعمل ,4,0.25,2,24,7,226800.0,975240.0,,,
297,الإدارة العامة لرى بنى سويف,العرين,ابودنقاش,6,العرين,2.55,تعمل ,2,0.25,1,24,7,113400.0,487620.0,,,
298,الإدارة العامة لرى بنى سويف,اهريت,ابودنقاش,7.7,اهريت ,7.2,تعمل ,1,0.15,1,8,5,16200.0,69660.0,,,
299,الإدارة العامة لرى بنى سويف,الحكمدار ,الحكمدار,0.1,الاوسيه ,1.5,تعمل ,2,0.15,1,18,7,51030.0,219429.0,,,
300,الإدارة العامة لرى بنى سويف,كفر عميره,كفر عميره ,0.6,كفر عميره ,1,تعمل ,2,0.25,1,18,7,85050.0,365715.0,,,
301,الإدارة العامة لرى بنى سويف,ابودنقاش,الوادى ,,ابودنقاش ,3.9,تعمل ,3,0.25,2,24,7,226800.0,975240.0,,,
302,الإدارة العامة لرى بنى سويف,بركة المطار ,بركة المطار ,0.3,الجمهوريه ,5.305,تعمل ,2,0.25,1,24,7,113400.0,487620.0,,,
303,الإدارة العامة لرى بنى سويف,الفلاحه ,ابوالنور,0.25,امتداد الفلاحه ,0.415,تعمل ,1,0.15,1,12,6,29160.0,125388.0,,,
304,الإدارة العامة لرى بنى سويف,عنز,المندره ,0.2,عنز,0.98,تعمل ,2,0.25,1,6,4,16200.0,69660.0,,,
305,الإدارة العامة لرى بنى سويف,الاوسيه ,طبهار  ,2,الاوسيه ,2.5,تعمل ,2,0.25,1,24,7,113400.0,487620.0,,,
306,الإدارة العامة لرى بنى سويف,فرقص,البطس ,33,بحر فرقص,2.2,تعمل ,3,0.25,2,24,7,226800.0,975240.0,,,
307,الإدارة العامة لرى بنى سويف,برك البقر,برك البقر,8.25,الاوسيه ,3.55,تعمل ,2,0.25,1,24,7,113400.0,487620.0,,,
308,الإدارة العامة لرى بنى سويف,نهاية امتداد وهبه ,البطس ,2,نهاية امتداد وهبه ,1.75,تعمل ,2,0.15,1,8,7,22680.0,97524.0,,,
309,الإدارة العامة لرى بنى سويف,البطس القديمه ,البطس ,22,بحر وهبه ,46.1,تعمل ,4,1.5,2,24,7,1360800.0,5851440.0,,,
310,الإدارة العامة لرى بنى سويف,البطس الجديده ,البطس ,17,نهاية بحر وهبه ,55.639,تعمل ,3,1.5,1,24,7,680400.0,2925720.0,,,
311,الإدارة العامة لرى بنى سويف,الحيار ,البطس ,22,الحيار ,10,تعمل ,2,0.75,1,24,7,340200.0,1462860.0,,,
312,الإدارة العامة لرى بنى سويف,تنهلا ,مصرف الواطى ,3.5,خور تنهلا  ,8.6,تعمل ,2,0.33,1,24,7,149688.0,643658.4,,,
313,الدارة العامة لرى غــــــــــرب الفيــــــوم,تغذية بحر البشوات (بر أيسر),نهاية مصرف الغرق,2.3,بحر البشوات,12.68,0.8,2,0.15,0,,,,0.0,,,
314,الدارة العامة لرى غــــــــــرب الفيــــــوم,تغذية بحر البشوات ,خورشيد رحيم,5.8,بحر البشوات,1.013,0.8,2,0.25,0,,,,0.0,,,
315,الدارة العامة لرى غــــــــــرب الفيــــــوم,تغذية بحر المعربين,الغرق الرئيسى,8,المعربين والحمودات,1.325,0.8,4,0.25,2,,,259200.0,1036800.0,,,
316,الدارة العامة لرى غــــــــــرب الفيــــــوم,تغذية مسقة كامل اليمنى,الغرق الرئيسى,12.3,مسقة كامل اليمنى,1.8,0.8,2,0.25,1,,,129600.0,518400.0,,,
317,الدارة العامة لرى غــــــــــرب الفيــــــوم,تغذية مسقة الجريتلى,الغرق الرئيسى,12.3,مسقة الجريتلى,الفم,0.8,3,0.25,1,,,129600.0,518400.0,,,
318,الدارة العامة لرى غــــــــــرب الفيــــــوم,تغذية بحر الغرق,مصرف زفيتة,1.28,الغرق,26.765,0.8,2,0.25,1,,,129600.0,518400.0,,,
319,الدارة العامة لرى غــــــــــرب الفيــــــوم,تغذية بحر الجرجبة,مصرف زفيتة,0,الجرجبة,0.245,0.8,2,0.15,1,,,77760.0,311040.0,,,
320,الدارة العامة لرى غــــــــــرب الفيــــــوم,"تغذية نهاية بحر البشوات 
من بحر البرنس",بحر البرنس,1.5,نهاية البشوات,1.5,0.8,2,0.15,0,,,0.0,0.0,,,
321,الدارة العامة لرى غــــــــــرب الفيــــــوم,نهاية تطون من بحر النزلة (بر أيمن),بحر النزلة,14.5,تطون,14.5,0.8,3,0.25,0,,,0.0,0.0,,,
322,الدارة العامة لرى غــــــــــرب الفيــــــوم,نهاية تطون من بحر النزلة (بر أيسر),بحر النزلة,14.5,تطون,14.5,0.8,3,.15/.25,0,,,0.0,0.0,,,
323,الدارة العامة لرى غــــــــــرب الفيــــــوم,تغذية بحر أبو المير,مصرف الشحات,13.5,أبو المير,3.15,0.8,2,0.25,1,,,129600.0,518400.0,,,
324,الدارة العامة لرى غــــــــــرب الفيــــــوم,تغذية بحر أولاد محمد,مصرف الروس,7.3,أولاد محمد,4.17,0.8,2,0.25,1,,,129600.0,518400.0,,,
325,الدارة العامة لرى غــــــــــرب الفيــــــوم,تغذية زنكت,مصرف زنكت,1.6,زنكت,1.416,0.8,2,0.25,1,,,129600.0,518400.0,,,
326,الدارة العامة لرى غــــــــــرب الفيــــــوم,تغذية بحر الغابة,الشحات,2,بحر الغابة,8.825,0.8,2,0.25,1,,,129600.0,518400.0,,,
327,الدارة العامة لرى غــــــــــرب الفيــــــوم,تغذية ترعة هوارة عدلان,ترعة حسن واصف,0,هوارة عدلان,0,0,,,0,,,0.0,0.0,,,
328,الدارة العامة لرى غــــــــــرب الفيــــــوم,تغذية نهاية بحر النزلة,الوادى,5.7,بحر النزلة,57.85,0.8,4,.15/.33,1+1,,,248832.0,995328.0,,,
329,الدارة العامة لرى غــــــــــرب الفيــــــوم,المسار الجديد,بحر قارون,6,المسار الجديد,0,0.8,4,0.15,0,,,0.0,0.0,,,
330,الدارة العامة لرى غــــــــــرب الفيــــــوم,تغذية بحر النزلة من مصرف الطاجن,الطاجن,4.15,بحر النزلة,14.3,0.8,"5كهرباء+
3ديزل",1,4,,,2073600.0,8294400.0,محطات تابعة لمصلحة الميكانيكا والكهربا,,
331,الدارة العامة لرى غــــــــــرب الفيــــــوم,تغذية بحر الجص من القناة المكشوفة,القناة المكشوفة,5.6,بحر الجص,5.6,0.8,4,0.5,2,,,518400.0,2073600.0,,,
332,الدارة العامة لرى غــــــــــرب الفيــــــوم,تغذية بحر البنات من القناة المكشوفة,القناة المكشوفة,0.6,البنات,17,0.8,3,0.5,2,,,518400.0,2073600.0,,,
333,الدارة العامة لرى غــــــــــرب الفيــــــوم,تغذية بحر النزلة من القناة المكشوفة,القناة المكشوفة,1.13,النزلة,3600,0.8,3,0.5,2,,,518400.0,2073600.0,,,
334,الدارة العامة لرى غــــــــــرب الفيــــــوم,محطة المصرف القاطع ,الوادى,12.5,النزلة/قارون,"بحر قارون .50
بحر النزلة 49.50",0.8,4,1,3,,,1555200.0,6220800.0,,,
335,الادارة العامة لري شرق المنيا,محطة الاشموتين,دليل طرد كبكب,دليل المحطة,نهاية الاشمونين,19.500 بر ايمن,0.8,1,0.5,1,8,48,86400.0,345600.0,,,
336,الإدارة العامة لرى غرب المنيا,محطة بني علي,وصلة محيط بني مزار,ك 0.8,الدير ومنبال,ك 21.2,0.8,2,1 - 0.5,2,30,7,93600.0,374400.0,تابع للري,,
337,الإدارة العامة لرى غرب المنيا,محطة المسيد,ساقولا الرئيسي,ك 11.6,سبع,ك23,0.8,2,0.5,2,32,7,105300.0,421200.0,,,
338,الإدارة العامة لرى غرب المنيا,محطة بلهاسة,مجرور البحر اليوسفي,ك 92,بلهاسة,ك 0.3,0.8,2,1 - 0.5,2,30,7,129600.0,518400.0,,,
339,الإدارة العامة لرى غرب المنيا,محطة أبو هشيمة,دير السنقورية,ك 8.5,ابو هشيمة,ك0.6,0.8,2,0.5,2,30,7,121500.0,486000.0,,,
340,الإدارة العامة لرى غرب المنيا,البدرمان,ابو جبل,,البحر  اليوسفي,ك 26.30,0.8,6,3_ 2,3,48,7,2056320.0,8225280.0,تابع للمكانيكا والكهرباء,,
341,الإدارة العامة لرى غرب المنيا, كبكب,مصرف كبكب,,,ك 60.800,0.8,5,2.9,1,15,7,1023400.0,4093600.0,,,
342,الإدارة العامة لرى غرب المنيا, تونه الجبل,مصرف تونه,,,ك 62.500,0.8,4,0.6,1,20,7,204120.0,816480.0,,,
343,الإدارة العامة لرى غرب المنيا, بني مزار,مصرف بني مزار,,,ك 162.500,0,4,3,0, ______,_____,0.0,0.0,,,
344,الإدارة العامة لرى غرب المنيا, دير السنقوريه,مصرف دير السنقوريه,,,ك 164.500,0.8,4,3.5,1,7,7,555660.0,2222640.0,,,
345,الإدارة العامة لرىى غرب قنا,محطة خلط كومير,مصرف كومير,ك 0.1بر ايسر الترعـــة ك 0.1 بر ايسر المصرف,ترعة الحبس الاول,,,4,1.6,,18,,,900000.0,,,
346,الإدارة العامة لرى اسوان,محطة الغابة,مصرف الغابه,1,دراو الجديدة,1.45,تعمل,3,0.5,1,,,,766800.0,اسوان,,
347,الإدارة العامة لرى اسوان,محطة حوض زكي, حوض زكي,1,ترعة الساحل,2.73,تعمل,2,0.5,2,,,,460350.0,كو امبو,,
348,الإدارة العامة لرى اسوان,محطة فطيرة,مصرف فطيرة ,16.99,ترعة كاسل,17,تعمل,4+1,0.50+0.75,5,,,,2713500.0,,,
349,الإدارة العامة لرى اسوان,محطة برك الرغامة,مصرف برك الرغامة,3.6,ترعة الحاجر,3,تعمل,2,0.5,2,,,,535950.0,,,
350,الإدارة العامة لرى اسوان,محطة الفؤاديه,العتامير,1,عاكف,6.75,تعمل,2+2,0.50+0.75,4,,,,963900.0,,,
351,الإدارة العامة لرى اسوان,محطة خور السيل الأوسط ( 1 ),مصرف  خور السيل الأوسط,2.3,نهاية فرع 114,نهاية,تعمل,3,0.5,2,,,,989550.0,الطويسة,,
352,الإدارة العامة لرى اسوان,محطة خور السيل ( 2 ),مصرف  خور السيل الأوسط,3.7,نهاية فرع 5,نهاية,تعمل,3+1,0.50+1.00,1*(1.00+0.5),,,,898965.0,,,
353,الإدارة العامة لرى اسوان,محطة خور السيل ( 3 ),مصرف  خور السيل الرئيسي,2.8,مصمص,الفم,تعمل,3,0.75,1,,,,20250.0,,,
354,الإدارة العامة لرى اسوان,محطة 6 خريت,مصرف عنيبة و أرمنا,3.4,ترعة عنيبة و أرمنا,4,تعمل,2,0.25,1,,,,113400.0,,,
355,الإدارة العامة لرى اسوان,محطة هبة النيل,مصرف  خور السيل الرئيسي,12.73,نهاية الخريت العليا,نهاية,تعمل,1+3,0.50+0.25,1*0.5+1*0.25,,,,382725.0,,,
356,الإدارة العامة لرى اسوان,محطة خور السيل الجنوبي,مصرف خور السيل الجنوبي,2.2,الخريت السفلي,7,تعمل,1+2,0.75+0.50,1*0.75,,,,235750.0,,,
357,الإدارة العامة لرى اسوان,محطة العتامير ( المنشية شرق ),مصرف العتامير,8,تغذية كاسل,2,تعمل,3,0.5,3,,,,288800.0,السلسة,,
358,الإدارة العامة لرى اسوان,محطة  خور السيل البحري  ( السلسلة ),خور السيل البحري,5,صدقي الغربي,نهايه,تعمل,2,0.5,2,,,,469800.0,,,
359,الإدارة العامة لرى اسوان,محطة خلط المالكى ,مصرف امتداد العتامير,6,مسقى امتداد ناصر ,نهايه,تعمل,2,0.25,2,,,,129725.0,,,
360,الإدارة العامة لرى اسوان,محطة خور السيل البحري (فطيرة ),مصرف خور السيل البحري,100,الفرع القبلي لساحل فطيرة,6,تعمل,2,0.5,0,,,,27800.0,,,
361,الإدارة العامة لرى اسوان,الدكا,خور السيل البحري,4,الدكا,2500,تعمل,1+2,1.00+0.50,1+1,,,,339750.0,,,
362,الإدارة العامة لرى اسوان,محطة الطوناب,الرديسية,2200,الجنوبيات,6.5,تعمل,1+1,0.25+0.50,1+1,,,,101250.0,,,
363,الإدارة العامة لرى اسوان,محطة الزراعات, الزراعات ( 6 ، 7 ، 8 ),1900,باب ( 6 ),6100,تعمل,1,0.5,1,,,,97200.0,ادفو شرق,,
364,الإدارة العامة لرى اسوان,محطة الشيخ مصطفي,وادي عبادي ( مخر سيل ),"0,35",وادي الرديسية,"3,5",تعمل,2,0.5,0,,,,25100.0,,,
365,الإدارة العامة لرى اسوان,محطة الاشراف الشرقية,المصرف الفرعي ( 2 ),8010,نهاية فرع ( 1 ، 2 ) الرئيسي,نهاية,تعمل,2,0.75+0.25,1,,,,306450.0,,,
366,الإدارة العامة لرى اسوان,محطة الاشراف الغربيه,المصرف الفرعي ( 3 ),1.2,نهاية فرع ( 2 ) الرئيسي,نهاية,تعمل,1+1,0.75+0.50,2,,,,376650.0,الصعايدة,,
367,الإدارة العامة لرى اسوان,محطة أبو بكر,المصرف الفرعي ( 3 ),المبدأ,نهاية فرع ( 2 ) الرئيسي,نهاية,تعمل,2+1,0.50+0.25,3,,,,579150.0,,,
